client_id,project_id,channel_id,operation_type,events_count,successful_events_count,failed_events_count,total_prompt_tokens,total_completion_tokens,total_tokens,total_cost_usd,average_latency_ms
6dc8b0c2-9c99-4a16-8a1a-8cb0e802d755,6a474b89-8d2f-4ca9-a3f5-6734ad6fbbab,757a32f5-5e21-48fc-9520-77bd68289133,content_plan,1,1,0,0,0,0,0.000000,0.00
6dc8b0c2-9c99-4a16-8a1a-8cb0e802d755,6a474b89-8d2f-4ca9-a3f5-6734ad6fbbab,757a32f5-5e21-48fc-9520-77bd68289133,draft,1,1,0,0,0,0,0.000000,0.00
6dc8b0c2-9c99-4a16-8a1a-8cb0e802d755,6a474b89-8d2f-4ca9-a3f5-6734ad6fbbab,757a32f5-5e21-48fc-9520-77bd68289133,ideas,1,1,0,0,0,0,0.000000,0.00
6dc8b0c2-9c99-4a16-8a1a-8cb0e802d755,6a474b89-8d2f-4ca9-a3f5-6734ad6fbbab,757a32f5-5e21-48fc-9520-77bd68289133,rewrite_draft,1,1,0,0,0,0,0.000000,0.00
